#old,new
"_tags","index"
"_tags/about"
"_tags/advantages-and-disadvantages"
"_tags/advice"
"_tags/aesthetics"
"_tags/age"
"_tags/aging"
"_tags/analogy"
"_tags/analysis"
"_tags/anonymity"
"_tags/articles"
"_tags/astronomy"
"_tags/atmospheric-sciences"
"_tags/bash"
"_tags/biology"
"_tags/blog"
"_tags/boringness"
"_tags/bryan-caplan"
"_tags/cause-prioritization"
"_tags/character"
"_tags/chemistry"
"_tags/cloud-computing"
"_tags/cognito-mentoring"
"_tags/command-line"
"_tags/comments"
"_tags/communication"
"_tags/computer-science"
"_tags/computing","computing"
"_tags/contact"
"_tags/content-creation","content-creation"
"_tags/content-discovery"
"_tags/css"
"_tags/debian"
"_tags/depression"
"_tags/digital-preservation"
"_tags/econlog","econlog"
"_tags/economics"
"_tags/eduation"
"_tags/education"
"_tags/effective-altruism","effective-altruism"
"_tags/eliezer-yudkowsky"
"_tags/english"
"_tags/exercise"
"_tags/facebook","facebook"
"_tags/family"
"_tags/fiction"
"_tags/font"
"_tags/food"
"_tags/general"
"_tags/git"
"_tags/github"
"_tags/global-health"
"_tags/gwern"
"_tags/hakyll"
"_tags/halmos"
"_tags/haskell"
"_tags/high-school"
"_tags/hiring"
"_tags/human-biodiversity"
"_tags/information"
"_tags/internet"
"_tags/interpersonal-interaction"
"_tags/introspection"
"_tags/japan"
"_tags/jekyll"
"_tags/judging"
"_tags/keyhole-solution"
"_tags/kids"
"_tags/latex"
"_tags/lesswrong"
"_tags/link-rot"
"_tags/links-collection"
"_tags/linode"
"_tags/linux"
"_tags/literary"
"_tags/literature"
"_tags/logic"
"_tags/long-term-thinking"
"_tags/long-term-thinking"
"_tags/longevity"
"_tags/longnow"
"_tags/love"
"_tags/math","math"
"_tags/minimalism"
"_tags/mojix"
"_tags/music"
"_tags/networking"
"_tags/news"
"_tags/open-borders"
"_tags/openbsd"
"_tags/pandoc"
"_tags/paul-graham"
"_tags/personal"
"_tags/personal-sites"
"_tags/peter-thiel"
"_tags/physics"
"_tags/plain-text"
"_tags/polyamory"
"_tags/probability"
"_tags/programming"
"_tags/psychology"
"_tags/python"
"_tags/quantified-self"
"_tags/quora"
"_tags/rationality"
"_tags/relationships"
"_tags/research"
"_tags/school"
"_tags/science"
"_tags/scott-alexander"
"_tags/security"
"_tags/self"
"_tags/self-improvement"
"_tags/set-theory"
"_tags/site-info"
"_tags/slate-star-codex"
"_tags/social"
"_tags/spring-2015"
"_tags/stalking"
"_tags/style"
"_tags/talent"
"_tags/tinkering"
"_tags/transparency"
"_tags/travel"
"_tags/twin-studies"
"_tags/university-of-washington","university-of-washington"
"_tags/university-of-washington-computer-science-and-engineering"
"_tags/university-of-washington-course-review"
"_tags/university-of-washington-honors-program"
"_tags/untagged"
"_tags/vim"
"_tags/web-design"
"_tags/wikipedia"
"_tags/work"
"_tags/writing"
"_tags/yishan-wong"
